,Ecotech-12 Industries Association ,,,,,
,Details of membership received ,,,,,
,,,,,,
Sr. No.,Plot No. ,Name of Member ,Plot No. ,,Contact Person,Contact No. 
1,1,KISHAN MOHAN SHARMA & MUKESH SHARMA,1,Mr. ,,
2,2,MARUTI SUZUKI (INDIA)LTD,2,Mr. ,"AMIT VERMA, UNIT HEAD",8826666177
3,3,LIMPID I.T. SOLUTIONS PVT. LTD.,3,Mr. ,Sachin Singh (Tanent),7861917171
4,4,JJ DEVSOFT PVT. LTD.,4,Mr. ,Sardar Rajaji,9810041482
5,5,SPOTLIGHT ELECTRONICS PVT. LTD.,5,Mr. ,Pawanji,9873004719
6,6,MANOMAY IMPEX PVT.LTD.,6,Mr. ,Batra Ji,
7,7,SHAMBHAVI E-TECHNOCRFT PVT LTD,7,,,
8,8,ECOTONE SYSTEMS PVT. LTD.,8,Mr. ,Rajeev Kumar ,9810068376
,,,,Mr. ,Sanjeev Saraswat,9810319823
9,9,MASS ENTERPRISES,9,Mr. ,Mahesh Agarwal,9313624265
10,10,INDERANI MERCHANDISE PVT. LTD.,10,,,
11,11,SHREE INTERNATIONL,11,Mr.,Kamal Jeswani,9811987580
12,12,MASTER BLEND INDUSTRIES,12,Mr.,Dapinder Singh,9999020934
13,13,Manish Agarwal,13,Mr. ,Manish Agarwal,9212019134
14,14,Magnum Engineers Pvt. Ltd.,14,Mr.,Manoj Mishra,a
15,15,ENKAY ELECTRICALS PVT.LTD,15,Mr. ,Manish Agarwal,9899414243
16,16,Storm Export Private Limited,16,Mr. ,Manoj Chandak,9899400660
,,,,Mr.,Nandu Bhai,9999022850
17,17,GAUTAM POLYMERS,17,Mr.,Sharad Gautam / Deepak Sharma (GM) / BK Mohank,9310341987/ 9971775491/ 9810041987
18,18,,18,Mr.,,
19,19,,19,Mr.,,
20,20,GURU SEWAK GARMENTS PVT.LTD,20,Mr.,,
21,21,,21,Mr.,,
22,22,HANSARI IMPEX PVT.LTD.,22,Mr.,,
23,22B,BAJAJ PROCESS PACK LIMITED,22B,Mr. ,Girish Bajaj,9811024158
24,23,Cancelled ,23,,,
25,24 & 25,J. S. INFOSOFT PVT. LTD.,24 & 25,Mr.,Rakesh Gupta,9810474800
26,24,A.P.TRADING CO.,24,Mr.,,
27,26,ALOK KUMAR ARYA,26,Mr.,,
28,27,NARESH KUMAR SHARMA,27,Mr.,,
29,28,,28,Mr.,,
30,29,AZ CREATIONS PVT.LTD,29,Mr.,,
31,30,SUSHIL DANG (renter - metworks) ,30,Mr.,Sunil Kohli / Mohit (Mgr-metworks),9810579793 / 88000575114
32,31,ROTO PUMPS LTD.,31,Mr.,BK Pandey (GM),8826173405
33,32,PREM INDUSTRIES,32,Mr.,,
34,33,KATHURIA ROLL MILL PVT.LTD,33,Mr. ,Manoj Tomar,9810073099
35,34,PICASSO EXPORTS PVT. LTD.,34,Mr. ,Mohd. Iqbal,9837089163
36,35,,35,,,
37,36,SAM TECHNOLOGIES,36,,,
38,37,,37,,,
39,38,GMC IMPEX PVT.LTD,38,Mr. ,Mahesh Agarwal,9911089999
40,39,,39,,,
41,40,,40,,,
42,41,MANISHA PROJECTS PVT.LTD,41,,,
43,42,IST PACKAGING PVT. LTD.,42,,,
44,43,JAGAT SINGH & CO.,43,,,
45,44,,44,,,
46,45,,45,,,
47,46,REDA ASSOCIATES LTD,46,Mr. ,Rajiv Jain,9810063404/8287395177
,,,,Mr. ,Vikram Jain,9810034087
48,47,UNIQUE ENTERPRISES,47,Mr. ,Kuldeep Katiyar,9310402111
49,48,Vikas Skaffholding Systems,48,Mr. ,Dinesh Sharma,7042424403
50,49,Fun Zoo Toys (India),49,Mr. ,Naresh Kumar Gupta,9810032370
51,50,Instacart Services Pvt. Ltd. ,50,Mr. ,Ali,7838169353
,,,,Mr. ,Umang Sharma,9711708303
52,51,TCCI Engineering Pvt. Ltd.,51,Mr. ,Deepak  Upreti,9953255922
53,52,Supreme Filatech Pvt. Ltd,52,Mr.,Shikhar Malhotra,9810309297
54,53,VIKRAM BAHAL & ASSOCIATES,53,,,
55,54,MASL Control Cables Pvt. Ltd.,54,Mr. ,P N Dwivedi HR Deptt,9958650936
56,55,Lalit Machinery Stores,55,Mr. ,Lalit Thakral,9811834826
57,56,DEVGIRI SPICES PVT.LTD,56,Mr.,Chawla ji,9810009355
58,57,Tacent Industries Pvt. Ltd.,57,Mr.,Harish Khera,9810767503
,,,,Mr. ,Ankush Agarwal,9873439299
,58,Brintech Engines Pv.t Ltd.,,Mr. ,Nitin Pratap Singh,9818292266
59,,,58,Mr.,P K Kohli,9818502014
60,59,JOY FASHIONS PVT. LTD.,59,Mr. ,Sahil Kumar,9810007993
61,60,,60,,,
62,61& 62,Bliss Creations Private Limited ,61& 62,Mr. ,Puneet Gupta,9818544122
63,62,,62,,,
64,63,,63,,,
65,64,OLIVE FASHIONS PVT.LTD,64,Mr.,Pawan Bansal,9818265958
66,65,RSG Motors,65,Mr. ,Pradeep Kumar Garg,9911586345
,,,,Mr. ,Rahul Kumar,8929158566
67,66,FANCY IMAGES,66,,,
68,67,C.P.SYSTEMS PVT.LTD.,67,,,
69,68,PARAG AGRO TECH P LTD,68,,,
70,69,EKANTA EXPORTERS PVT.LTD.,69,Mr.,Rakesh Kumar Singhal,
71,70,,70,,,
72,71 & 73,Noida Fabcon Machines Pvt. Ltd.,71 & 73,Mr. ,Nishant Bansal,9811209769
,,,,Mr.,A.K. Gupta,9910490199
73,72,Shree Bharat International Pvt. Ltd. ,72,Mr. ,Ravindra Singh,9811566462
74,74,EKANSH CONSTRUCTIONS PVT.LTD.,74,Mr. ,Mohd. Ali,9205593020
75,75,GEPS PROJECTS,75,Mr. ,Uday Veer Singh,9810516121
125,75A,VOGUE MERCANTILE PVT.LTD,75A,,,
126,75A1,NIDHI AUTO P LTD,75A1,,,
76,76,KAILASH CHAUHAN,76,,RAKESH-HR,8588818555
127,76A,SUNSHINE METAL COMPANY PVT LTD,76A,,,
77,77,M/S KANUPRIYA FASHIONS PVT. LTD,77,Mr. ,Prateek Gupta / Sanjeev Gupta,9911176556/ 9811021962
78,78,GASTEK ENGINEERING (P)LTD.,78,Mr. ,Mahesh Kumar,9313564915
79,79,FLEXI PACK POLYFILMS PVT LTD.,79,Mr. ,Vineet Goel,9811183199
80,80,Gracure Cils India Private Limited,80,Mr.,Sudhir Goel,9810083199
81,81,RAMSHILA PAPER RESOURCES PVT.LTD,81,,,
82,82,SMP PACKAGING PVT. LTD.,82,,,
83,83,,83,,,
84,84,AKRITI PRINTERS,84,Mr. ,Ravi Kumar Dogra,9810045507
85,85,PPS INTERNATIONAL,85,Mr. ,Pavan Kumar Agarwal,9810077659
86,86,,86,Mr.,Rohit Agarwal,9910100772/8368998346
87,87,Mittal Automobiles,87,Mr. ,Subhash Mittal,9891289891
88,88,Mittal Automobiles,88,Mr. ,Subhash Mittal,9891289891
89,89,ATISHAY JEWELLERS PVT.LTD,89,,,
90,90,M/S. POLESTAR PLASTECH PVT.LTD,90,,,
91,91,KALINA ENTERPRISES PRIVATE LIMITED,91,Mr.,SANJEEV CHAUDHARY,9717092665
92,92,APEX COLOUR PRODUCT PVT.LTD,92,Mr.,Brijesh Kumar (Tanent),9971690032
93,93,,93,Mr.,Vijay Kumar Agarwal,9811335431
94,94,Vivid Welding Mesh Pvt. Ltd.,94,Mr.,Sanjay Agarwal,9313055226
95,95,,95,,,
96,96,,96,,,
97,97,"J. K. ENTERPRISES,PROP.AJAY GUPTA",97,,,
98,98,Amchem Products Pvt. Ltd.,98,Mr. ,Raj Mann,9818644863
99,99,KARAN PAPER MART,99,Mr. ,Deepak Aneja,9818633081
,,,,Mr.,Karan Aneja,9811812118/9810253033
100,100,"M/S-TANAY METALWARE
ACCESSORIES PVT..LTD",100,Mr. ,Sunil Parashar,9811006752
101,101,,101,,,
102,102,LEELA FAISHON GARMENTS,102,,,
103,103,Hyundai,103,Mr.,Ankit Malik,9917666555
104,104,ANISH KUMAR CHAUDHARY,104,Mr. ,Shubham Verma (Tanent),9219488884
105,105,,105,Mr. ,,
106,106,BINDU CHAWLA,106,Mr. ,,
107,107,,107,Mr. ,,
108,108,ECOTECH GARMENTS PVT. LTD.,108,Mr. ,,
109,108A,RADICON LABORATORIES LTD,108A,Mr. ,,
110,109,M/S. TIARA COUTURE PVT LTD.,109,Mr. ,Gupta Ji,9312866670
111,109A,Vishwa Enterprises,109A,Mr. ,Abhinav Gupta,9810026666
,,,,Mr. ,R.K. Gupta,9312866670
112,110,MIR EDUTECH PVT. LTD.,110,Mr. ,,
113,111,CPP THERMO DEVICES PVT.LTD,111,Mr. ,Asim Rabbani (GM),9818155586
114,112 & 113,UNICURE (INDIA) PVT.LTD.,112 & 113,Mr. ,Abdul Mateen,9810337912
115,113,SOJOURNER BPO PVT.LTD.,113,Mr. ,,
116,114,AMAR SHOE INTERNATIONAL,114,Mr. ,,
117,115,Capital Urjatech Ltd.,115,Mr. ,Shrey Gupta,8800098102
119,116A,AYAAN MANUFACTURING PVT LTD,116A,Mr. ,Mahesh Agarwal,9911089999
120,116B,GALAXY APPLIANCES PVT. LTD.,116B,Mr. ,Mahesh Agarwal,9911089999
121,116C,P. G. D. INFOSOLUTION PVT. LTD. CO.,116C,Mr. ,Mahesh Agarwal,9911089999
122,116D,ESKOM EXPORT PVT.LTD.,116D,Mr. ,Mahesh Agarwal,9911089999
123,117,DS FOODS PVT LTD,117,,,
